{
    "input": {
        "scale": 0.01865844801068306,
        "zero_point": 114,
        "min": -2.1179039478302,
        "max": 2.640000104904175
    },
    "init_conv": {
        "scale": 0.20655220746994019,
        "zero_point": 126,
        "min": -26.023548126220703,
        "max": 26.647268295288086
    },
    "blk0_dw": {
        "scale": 0.2353147715330124,
        "zero_point": 123,
        "min": -28.964441299438477,
        "max": 31.04082679748535
    },
    "blk0_proj": {
        "scale": 0.5700629353523254,
        "zero_point": 144,
        "min": -81.87496948242188,
        "max": 63.4910774230957
    },
    "blk1_exp": {
        "scale": 0.8043193817138672,
        "zero_point": 141,
        "min": -113.2840805053711,
        "max": 91.81736755371094
    },
    "blk1_dw": {
        "scale": 0.10493291914463043,
        "zero_point": 130,
        "min": -13.679605484008789,
        "max": 13.078289031982422
    },
    "blk1_proj": {
        "scale": 0.43315884470939636,
        "zero_point": 106,
        "min": -46.019039154052734,
        "max": 64.43647003173828
    },
    "blk2_exp": {
        "scale": 0.6478113532066345,
        "zero_point": 142,
        "min": -92.2795639038086,
        "max": 72.91233825683594
    },
    "blk2_dw": {
        "scale": 0.06603056937456131,
        "zero_point": 129,
        "min": -8.485127449035645,
        "max": 8.352668762207031
    },
    "blk2_proj": {
        "scale": 0.7317557334899902,
        "zero_point": 122,
        "min": -89.3066177368164,
        "max": 97.29109954833984
    },
    "blk3_exp": {
        "scale": 0.8810941576957703,
        "zero_point": 141,
        "min": -123.8764877319336,
        "max": 100.80252838134766
    },
    "blk3_dw": {
        "scale": 0.09555929154157639,
        "zero_point": 124,
        "min": -11.892629623413086,
        "max": 12.474987983703613
    },
    "blk3_proj": {
        "scale": 0.3108983039855957,
        "zero_point": 124,
        "min": -38.675025939941406,
        "max": 40.604042053222656
    },
    "blk4_exp": {
        "scale": 0.3683764934539795,
        "zero_point": 153,
        "min": -56.29724884033203,
        "max": 37.63875961303711
    },
    "blk4_dw": {
        "scale": 0.04922252148389816,
        "zero_point": 138,
        "min": -6.789132595062256,
        "max": 5.762609958648682
    },
    "blk4_proj": {
        "scale": 0.3220977187156677,
        "zero_point": 140,
        "min": -45.024051666259766,
        "max": 37.11086654663086
    },
    "blk5_exp": {
        "scale": 0.4701404571533203,
        "zero_point": 138,
        "min": -64.74063110351562,
        "max": 55.14519119262695
    },
    "blk5_dw": {
        "scale": 0.04406482353806496,
        "zero_point": 136,
        "min": -6.014657497406006,
        "max": 5.2218732833862305
    },
    "blk5_proj": {
        "scale": 0.4713340699672699,
        "zero_point": 118,
        "min": -55.61433792114258,
        "max": 64.57585144042969
    },
    "blk6_exp": {
        "scale": 0.703147292137146,
        "zero_point": 116,
        "min": -81.46446228027344,
        "max": 97.83810424804688
    },
    "blk6_dw": {
        "scale": 0.06862800568342209,
        "zero_point": 131,
        "min": -8.984968185424805,
        "max": 8.515172958374023
    },
    "blk6_proj": {
        "scale": 0.27516910433769226,
        "zero_point": 132,
        "min": -36.23204040527344,
        "max": 33.93608093261719
    },
    "blk7_exp": {
        "scale": 0.25233739614486694,
        "zero_point": 119,
        "min": -30.067188262939453,
        "max": 34.27885055541992
    },
    "blk7_dw": {
        "scale": 0.037424858659505844,
        "zero_point": 144,
        "min": -5.379093647003174,
        "max": 4.16424560546875
    },
    "blk7_proj": {
        "scale": 0.30436834692955017,
        "zero_point": 128,
        "min": -38.88001251220703,
        "max": 38.733917236328125
    },
    "blk8_exp": {
        "scale": 0.3566555380821228,
        "zero_point": 129,
        "min": -45.87361526489258,
        "max": 45.073543548583984
    },
    "blk8_dw": {
        "scale": 0.04093052074313164,
        "zero_point": 137,
        "min": -5.623264789581299,
        "max": 4.814018249511719
    },
    "blk8_proj": {
        "scale": 0.26795774698257446,
        "zero_point": 133,
        "min": -35.72334289550781,
        "max": 32.60587692260742
    },
    "blk9_exp": {
        "scale": 0.3442964553833008,
        "zero_point": 132,
        "min": -45.43147277832031,
        "max": 42.3641242980957
    },
    "blk9_dw": {
        "scale": 0.04175048694014549,
        "zero_point": 143,
        "min": -5.975199222564697,
        "max": 4.671174049377441
    },
    "blk9_proj": {
        "scale": 0.44897669553756714,
        "zero_point": 136,
        "min": -60.89825439453125,
        "max": 53.59080123901367
    },
    "blk10_exp": {
        "scale": 0.5352902412414551,
        "zero_point": 121,
        "min": -64.63090515136719,
        "max": 71.86810302734375
    },
    "blk10_dw": {
        "scale": 0.05530616268515587,
        "zero_point": 151,
        "min": -8.338428497314453,
        "max": 5.76464319229126
    },
    "blk10_proj": {
        "scale": 0.291659414768219,
        "zero_point": 119,
        "min": -34.847476959228516,
        "max": 39.52568054199219
    },
    "blk11_exp": {
        "scale": 0.3550087809562683,
        "zero_point": 118,
        "min": -41.74220657348633,
        "max": 48.7850341796875
    },
    "blk11_dw": {
        "scale": 0.034150637686252594,
        "zero_point": 139,
        "min": -4.733493804931641,
        "max": 3.9749183654785156
    },
    "blk11_proj": {
        "scale": 0.22134250402450562,
        "zero_point": 138,
        "min": -30.590532302856445,
        "max": 25.851804733276367
    },
    "blk12_exp": {
        "scale": 0.4942249357700348,
        "zero_point": 124,
        "min": -61.200809478759766,
        "max": 64.82654571533203
    },
    "blk12_dw": {
        "scale": 0.03801540657877922,
        "zero_point": 143,
        "min": -5.4417948722839355,
        "max": 4.252133846282959
    },
    "blk12_proj": {
        "scale": 0.2927749752998352,
        "zero_point": 131,
        "min": -38.288612365722656,
        "max": 36.36900329589844
    },
    "blk13_exp": {
        "scale": 0.5610656142234802,
        "zero_point": 107,
        "min": -60.27412033081055,
        "max": 82.79761505126953
    },
    "blk13_dw": {
        "scale": 0.0685083195567131,
        "zero_point": 161,
        "min": -11.057490348815918,
        "max": 6.4121317863464355
    },
    "blk13_proj": {
        "scale": 0.20419074594974518,
        "zero_point": 134,
        "min": -27.26180648803711,
        "max": 24.806835174560547
    },
    "blk14_exp": {
        "scale": 0.285095751285553,
        "zero_point": 98,
        "min": -27.8509521484375,
        "max": 44.84846878051758
    },
    "blk14_dw": {
        "scale": 0.04688439518213272,
        "zero_point": 158,
        "min": -7.403322696685791,
        "max": 4.5521979331970215
    },
    "blk14_proj": {
        "scale": 0.22450965642929077,
        "zero_point": 156,
        "min": -35.126441955566406,
        "max": 22.123517990112305
    },
    "blk15_exp": {
        "scale": 0.34780699014663696,
        "zero_point": 116,
        "min": -40.308265686035156,
        "max": 48.382511138916016
    },
    "blk15_dw": {
        "scale": 0.042960189282894135,
        "zero_point": 152,
        "min": -6.52259635925293,
        "max": 4.432251930236816
    },
    "blk15_proj": {
        "scale": 0.3059826195240021,
        "zero_point": 149,
        "min": -45.58155059814453,
        "max": 32.44401550292969
    },
    "blk16_exp": {
        "scale": 0.4616645276546478,
        "zero_point": 130,
        "min": -59.839359283447266,
        "max": 57.88509750366211
    },
    "blk16_dw": {
        "scale": 0.07631465047597885,
        "zero_point": 175,