{
    "input": {
        "scale": 0.01865844801068306,
        "zero_point": 114,
        "min": -2.1179039478302,
        "max": 2.640000104904175
    },
    "init_conv": {
        "scale": 0.09138059616088867,
        "zero_point": 123,
        "min": -11.256050109863281,
        "max": 12.046000480651855
    },
    "blk0_dw": {
        "scale": 0.03619450330734253,
        "zero_point": 129,
        "min": -4.661852836608887,
        "max": 4.567745208740234
    },
    "blk0_proj": {
        "scale": 0.057617321610450745,
        "zero_point": 129,
        "min": -7.40477180480957,
        "max": 7.287644863128662
    },
    "blk1_exp": {
        "scale": 0.06543031334877014,
        "zero_point": 136,
        "min": -8.903424263000488,
        "max": 7.781305313110352
    },
    "blk1_dw": {
        "scale": 0.027958562597632408,
        "zero_point": 128,
        "min": -3.574052572250366,
        "max": 3.5553810596466064
    },
    "blk1_proj": {
        "scale": 0.03396054357290268,
        "zero_point": 118,
        "min": -4.004642963409424,
        "max": 4.6552958488464355
    },
    "blk2_exp": {
        "scale": 0.046110570430755615,
        "zero_point": 168,
        "min": -7.766366004943848,
        "max": 3.9918296337127686
    },
    "blk2_dw": {
        "scale": 0.00792519748210907,
        "zero_point": 135,
        "min": -1.0735931396484375,
        "max": 0.9473320841789246
    },
    "blk2_proj": {
        "scale": 0.04333549737930298,
        "zero_point": 119,
        "min": -5.140617370605469,
        "max": 5.909934043884277
    },
    "blk3_exp": {
        "scale": 0.05714523419737816,
        "zero_point": 140,
        "min": -8.003400802612305,
        "max": 6.568634033203125
    },
    "blk3_dw": {
        "scale": 0.013097665824142157,
        "zero_point": 132,
        "min": -1.734027624130249,
        "max": 1.605877161026001
    },
    "blk3_proj": {
        "scale": 0.027112605050206184,
        "zero_point": 138,
        "min": -3.7485768795013428,
        "max": 3.16513729095459
    },
    "blk4_exp": {
        "scale": 0.022160211578011513,
        "zero_point": 116,
        "min": -2.5610482692718506,
        "max": 3.0898056030273438
    },
    "blk4_dw": {
        "scale": 0.004863379988819361,
        "zero_point": 147,
        "min": -0.7143830060958862,
        "max": 0.5257788300514221
    },
    "blk4_proj": {
        "scale": 0.02779388055205345,
        "zero_point": 145,
        "min": -4.0424275398254395,
        "max": 3.0450122356414795
    },
    "blk5_exp": {
        "scale": 0.028797296449249866,
        "zero_point": 124,
        "min": -3.5654051303863525,
        "max": 3.7779054641723633
    },
    "blk5_dw": {
        "scale": 0.003870602697134018,
        "zero_point": 127,
        "min": -0.49119138717651367,
        "max": 0.4958122968673706
    },
    "blk5_proj": {
        "scale": 0.026696812361478806,
        "zero_point": 136,
        "min": -3.637620210647583,
        "max": 3.170067071914673
    },
    "blk6_exp": {
        "scale": 0.043938085436820984,
        "zero_point": 116,
        "min": -5.087222576141357,
        "max": 6.116990089416504
    },
    "blk6_dw": {
        "scale": 0.007009603548794985,
        "zero_point": 112,
        "min": -0.78200763463974,
        "max": 1.0054411888122559
    },
    "blk6_proj": {
        "scale": 0.024723820388317108,
        "zero_point": 120,
        "min": -2.962272882461548,
        "max": 3.342301368713379
    },
    "blk7_exp": {
        "scale": 0.016033146530389786,
        "zero_point": 144,
        "min": -2.308807849884033,
        "max": 1.77964448928833
    },
    "blk7_dw": {
        "scale": 0.0029653129167854786,
        "zero_point": 122,
        "min": -0.36277732253074646,
        "max": 0.393377423286438
    },
    "blk7_proj": {
        "scale": 0.017887696623802185,
        "zero_point": 142,
        "min": -2.5334136486053467,
        "max": 2.027949094772339
    },
    "blk8_exp": {
        "scale": 0.018202370032668114,
        "zero_point": 150,
        "min": -2.7346396446228027,
        "max": 1.9069647789001465
    },
    "blk8_dw": {
        "scale": 0.002580876462161541,
        "zero_point": 130,
        "min": -0.33558639883995056,
        "max": 0.32253706455230713
    },
    "blk8_proj": {
        "scale": 0.015092135407030582,
        "zero_point": 135,
        "min": -2.032269239425659,
        "max": 1.816225290298462
    },
    "blk9_exp": {
        "scale": 0.021334165707230568,
        "zero_point": 115,
        "min": -2.460289716720581,
        "max": 2.9799227714538574
    },
    "blk9_dw": {
        "scale": 0.0024696055334061384,
        "zero_point": 107,
        "min": -0.2643708884716034,
        "max": 0.36537855863571167
    },
    "blk9_proj": {
        "scale": 0.03089897707104683,
        "zero_point": 159,
        "min": -4.899188041687012,
        "max": 2.980051040649414
    },
    "blk10_exp": {
        "scale": 0.03930296003818512,
        "zero_point": 130,
        "min": -5.1090989112854,
        "max": 4.913156032562256
    },
    "blk10_dw": {
        "scale": 0.004282135050743818,
        "zero_point": 117,
        "min": -0.499434232711792,
        "max": 0.5925101637840271
    },
    "blk10_proj": {
        "scale": 0.02343709208071232,
        "zero_point": 115,
        "min": -2.7001380920410156,
        "max": 3.276320219039917
    },
    "blk11_exp": {
        "scale": 0.02208118885755539,
        "zero_point": 128,
        "min": -2.8167624473571777,
        "max": 2.8139402866363525
    },
    "blk11_dw": {
        "scale": 0.004272586200386286,
        "zero_point": 95,
        "min": -0.4049087464809418,
        "max": 0.6846007108688354
    },
    "blk11_proj": {
        "scale": 0.02553344890475273,
        "zero_point": 119,
        "min": -3.039724111557007,
        "max": 3.4713048934936523
    },
    "blk12_exp": {
        "scale": 0.03994854539632797,
        "zero_point": 99,
        "min": -3.9479000568389893,
        "max": 6.238979339599609
    },
    "blk12_dw": {
        "scale": 0.009734260849654675,
        "zero_point": 47,
        "min": -0.45991507172584534,
        "max": 2.0223214626312256
    },
    "blk12_proj": {
        "scale": 0.06161622330546379,
        "zero_point": 144,
        "min": -8.894763946533203,
        "max": 6.817373275756836
    },
    "blk13_exp": {
        "scale": 0.05087016522884369,
        "zero_point": 77,
        "min": -3.9257824420928955,
        "max": 9.046110153198242
    },
    "blk13_dw": {
        "scale": 0.00801528338342905,
        "zero_point": 98,
        "min": -0.7842624187469482,
        "max": 1.2596348524093628
    },
    "blk13_proj": {
        "scale": 0.06793707609176636,
        "zero_point": 149,
        "min": -10.131897926330566,
        "max": 7.1920552253723145
    },
    "blk14_exp": {
        "scale": 0.05735814571380615,
        "zero_point": 129,
        "min": -7.406732082366943,
        "max": 7.219595909118652
    },
    "blk14_dw": {
        "scale": 0.0076502724550664425,
        "zero_point": 74,
        "min": -0.5658727884292603,
        "max": 1.3849467039108276
    },
    "blk14_proj": {
        "scale": 0.06362532824277878,
        "zero_point": 105,
        "min": -6.6808671951293945,
        "max": 9.543591499328613
    },
    "blk15_exp": {
        "scale": 0.10347229242324829,
        "zero_point": 161,
        "min": -16.621047973632812,
        "max": 9.764387130737305
    },
    "blk15_dw": {
        "scale": 0.008100681938230991,
        "zero_point": 87,
        "min": -0.7028182744979858,
        "max": 1.3628555536270142
    },
    "blk15_proj": {
        "scale": 0.14151719212532043,
        "zero_point": 132,
        "min": -18.615413665771484,
        "max": 17.47146987915039
    },
    "blk16_exp": {
        "scale": 0.2381768524646759,
        "zero_point": 181,
        "min": -43.13509750366211,
        "max": 17.599998474121094
    },